filename,fileid,classid,class
a_1-0,a_1,0,ambulance
a_1-3,a_1,0,ambulance
a_1-6,a_1,0,ambulance
a_1-9,a_1,0,ambulance
a_1-12,a_1,0,ambulance
a_1-15,a_1,0,ambulance
a_1-18,a_1,0,ambulance
a_1-21,a_1,0,ambulance
a_1-24,a_1,0,ambulance
a_1-27,a_1,0,ambulance
a_1-30,a_1,0,ambulance
a_1-33,a_1,0,ambulance
a_1-36,a_1,0,ambulance
a_1-39,a_1,0,ambulance
a_1-42,a_1,0,ambulance
a_1-45,a_1,0,ambulance
a_1-48,a_1,0,ambulance
a_1-51,a_1,0,ambulance
a_1-54,a_1,0,ambulance
a_1-57,a_1,0,ambulance
a_1-60,a_1,0,ambulance
a_1-63,a_1,0,ambulance
a_1-66,a_1,0,ambulance
a_1-69,a_1,0,ambulance
a_1-72,a_1,0,ambulance
a_1-75,a_1,0,ambulance
a_1-78,a_1,0,ambulance
a_1-81,a_1,0,ambulance
a_1-84,a_1,0,ambulance
a_1-87,a_1,0,ambulance
a_1-90,a_1,0,ambulance
a_1-93,a_1,0,ambulance
a_1-96,a_1,0,ambulance
a_1-99,a_1,0,ambulance
a_1-102,a_1,0,ambulance
a_1-105,a_1,0,ambulance
a_1-108,a_1,0,ambulance
a_2-0,a_2,0,ambulance
a_2-3,a_2,0,ambulance
a_2-6,a_2,0,ambulance
a_2-9,a_2,0,ambulance
a_2-12,a_2,0,ambulance
a_2-15,a_2,0,ambulance
a_2-18,a_2,0,ambulance
a_2-21,a_2,0,ambulance
a_2-24,a_2,0,ambulance
a_2-27,a_2,0,ambulance
a_2-30,a_2,0,ambulance
a_2-33,a_2,0,ambulance
a_2-36,a_2,0,ambulance
a_2-39,a_2,0,ambulance
a_2-42,a_2,0,ambulance
a_2-45,a_2,0,ambulance
a_2-48,a_2,0,ambulance
a_2-51,a_2,0,ambulance
a_2-54,a_2,0,ambulance
a_2-57,a_2,0,ambulance
a_2-60,a_2,0,ambulance
a_2-63,a_2,0,ambulance
a_2-66,a_2,0,ambulance
a_2-69,a_2,0,ambulance
a_2-72,a_2,0,ambulance
a_2-75,a_2,0,ambulance
a_2-78,a_2,0,ambulance
a_2-81,a_2,0,ambulance
a_2-84,a_2,0,ambulance
a_2-87,a_2,0,ambulance
a_2-90,a_2,0,ambulance
a_2-93,a_2,0,ambulance
a_2-96,a_2,0,ambulance
a_2-99,a_2,0,ambulance
a_2-102,a_2,0,ambulance
a_2-105,a_2,0,ambulance
a_2-108,a_2,0,ambulance
a_2-111,a_2,0,ambulance
a_2-114,a_2,0,ambulance
a_2-117,a_2,0,ambulance
a_2-120,a_2,0,ambulance
a_2-123,a_2,0,ambulance
a_2-126,a_2,0,ambulance
a_2-129,a_2,0,ambulance
a_2-132,a_2,0,ambulance
a_2-135,a_2,0,ambulance
a_2-138,a_2,0,ambulance
a_2-141,a_2,0,ambulance
a_2-144,a_2,0,ambulance
a_3-0,a_3,0,ambulance
a_3-3,a_3,0,ambulance
a_3-6,a_3,0,ambulance
a_3-9,a_3,0,ambulance
a_3-12,a_3,0,ambulance
a_3-15,a_3,0,ambulance
a_3-18,a_3,0,ambulance
a_3-21,a_3,0,ambulance
a_3-24,a_3,0,ambulance
a_3-27,a_3,0,ambulance
a_3-30,a_3,0,ambulance
a_3-33,a_3,0,ambulance
a_3-36,a_3,0,ambulance
a_3-39,a_3,0,ambulance
a_3-42,a_3,0,ambulance
a_3-45,a_3,0,ambulance
a_3-48,a_3,0,ambulance
a_3-51,a_3,0,ambulance
a_3-54,a_3,0,ambulance
a_3-57,a_3,0,ambulance
a_3-60,a_3,0,ambulance
a_3-63,a_3,0,ambulance
a_3-66,a_3,0,ambulance
a_3-69,a_3,0,ambulance
a_3-72,a_3,0,ambulance
a_3-75,a_3,0,ambulance
a_3-78,a_3,0,ambulance
a_3-81,a_3,0,ambulance
a_3-84,a_3,0,ambulance
a_3-87,a_3,0,ambulance
a_3-90,a_3,0,ambulance
a_3-93,a_3,0,ambulance
a_3-96,a_3,0,ambulance
a_3-99,a_3,0,ambulance
a_3-102,a_3,0,ambulance
a_3-105,a_3,0,ambulance
a_3-108,a_3,0,ambulance
a_3-111,a_3,0,ambulance
a_3-114,a_3,0,ambulance
a_3-117,a_3,0,ambulance
a_3-120,a_3,0,ambulance
a_3-123,a_3,0,ambulance
a_3-126,a_3,0,ambulance
a_3-129,a_3,0,ambulance
a_3-132,a_3,0,ambulance
a_3-135,a_3,0,ambulance
a_3-138,a_3,0,ambulance
a_3-141,a_3,0,ambulance
a_3-144,a_3,0,ambulance
a_3-147,a_3,0,ambulance
a_3-150,a_3,0,ambulance
a_3-153,a_3,0,ambulance
a_3-156,a_3,0,ambulance
a_3-159,a_3,0,ambulance
a_3-162,a_3,0,ambulance
a_3-165,a_3,0,ambulance
a_3-168,a_3,0,ambulance
a_3-171,a_3,0,ambulance
a_3-174,a_3,0,ambulance
a_3-177,a_3,0,ambulance
a_3-180,a_3,0,ambulance
a_3-183,a_3,0,ambulance
a_3-186,a_3,0,ambulance
a_3-189,a_3,0,ambulance
a_3-192,a_3,0,ambulance
a_3-195,a_3,0,ambulance
a_3-198,a_3,0,ambulance
a_3-201,a_3,0,ambulance
a_3-204,a_3,0,ambulance
a_3-207,a_3,0,ambulance
a_3-210,a_3,0,ambulance
a_3-213,a_3,0,ambulance
a_3-216,a_3,0,ambulance
a_3-219,a_3,0,ambulance
a_3-222,a_3,0,ambulance
a_3-225,a_3,0,ambulance
a_3-228,a_3,0,ambulance
a_3-231,a_3,0,ambulance
a_3-234,a_3,0,ambulance
a_3-237,a_3,0,ambulance
a_3-240,a_3,0,ambulance
a_3-243,a_3,0,ambulance
a_3-246,a_3,0,ambulance
a_3-249,a_3,0,ambulance
a_3-252,a_3,0,ambulance
a_3-255,a_3,0,ambulance
a_3-258,a_3,0,ambulance
a_3-261,a_3,0,ambulance
a_3-264,a_3,0,ambulance
a_3-267,a_3,0,ambulance
a_3-270,a_3,0,ambulance
a_3-273,a_3,0,ambulance
a_3-276,a_3,0,ambulance
a_3-279,a_3,0,ambulance
a_3-282,a_3,0,ambulance
a_3-285,a_3,0,ambulance
a_3-288,a_3,0,ambulance
a_4-0,a_4,0,ambulance
a_4-3,a_4,0,ambulance
a_4-6,a_4,0,ambulance
a_4-9,a_4,0,ambulance
a_4-12,a_4,0,ambulance
a_4-15,a_4,0,ambulance
a_4-18,a_4,0,ambulance
a_4-21,a_4,0,ambulance
a_4-24,a_4,0,ambulance
a_4-27,a_4,0,ambulance
a_4-30,a_4,0,ambulance
a_4-33,a_4,0,ambulance
a_4-36,a_4,0,ambulance
a_4-39,a_4,0,ambulance
a_4-42,a_4,0,ambulance
a_4-45,a_4,0,ambulance
a_4-48,a_4,0,ambulance
a_4-51,a_4,0,ambulance
a_4-54,a_4,0,ambulance
e_1_0,e_1,1,enviroment
e_1_3,e_1,1,enviroment
e_1_6,e_1,1,enviroment
e_1_9,e_1,1,enviroment
e_1_12,e_1,1,enviroment
e_1_15,e_1,1,enviroment
e_1_18,e_1,1,enviroment
e_1_21,e_1,1,enviroment
e_1_24,e_1,1,enviroment
e_1_27,e_1,1,enviroment
e_1_30,e_1,1,enviroment
e_1_33,e_1,1,enviroment
e_1_36,e_1,1,enviroment
e_1_39,e_1,1,enviroment
e_1_42,e_1,1,enviroment
e_1_45,e_1,1,enviroment
e_1_48,e_1,1,enviroment
e_1_51,e_1,1,enviroment
e_1_54,e_1,1,enviroment
e_1_57,e_1,1,enviroment
e_1_60,e_1,1,enviroment
e_1_63,e_1,1,enviroment
e_1_66,e_1,1,enviroment
e_1_69,e_1,1,enviroment
e_1_72,e_1,1,enviroment
e_1_75,e_1,1,enviroment
e_1_78,e_1,1,enviroment
e_1_81,e_1,1,enviroment
e_1_84,e_1,1,enviroment
e_1_87,e_1,1,enviroment
e_1_90,e_1,1,enviroment
e_1_93,e_1,1,enviroment
e_1_96,e_1,1,enviroment
e_1_99,e_1,1,enviroment
e_1_102,e_1,1,enviroment
e_1_105,e_1,1,enviroment
e_1_108,e_1,1,enviroment
e_1_111,e_1,1,enviroment
e_1_114,e_1,1,enviroment
e_1_117,e_1,1,enviroment
e_1_120,e_1,1,enviroment
e_1_123,e_1,1,enviroment
e_1_126,e_1,1,enviroment
e_1_129,e_1,1,enviroment
e_1_132,e_1,1,enviroment
e_1_135,e_1,1,enviroment
e_1_138,e_1,1,enviroment
e_1_141,e_1,1,enviroment
e_1_144,e_1,1,enviroment
e_1_147,e_1,1,enviroment
e_1_150,e_1,1,enviroment
e_1_153,e_1,1,enviroment
e_1_156,e_1,1,enviroment
e_1_159,e_1,1,enviroment
e_1_162,e_1,1,enviroment
e_1_165,e_1,1,enviroment
e_1_168,e_1,1,enviroment
e_1_171,e_1,1,enviroment
e_1_174,e_1,1,enviroment
e_1_177,e_1,1,enviroment
e_1_180,e_1,1,enviroment
e_1_183,e_1,1,enviroment
e_1_186,e_1,1,enviroment
e_1_189,e_1,1,enviroment
e_1_192,e_1,1,enviroment
e_1_195,e_1,1,enviroment
e_1_198,e_1,1,enviroment
e_1_201,e_1,1,enviroment
e_1_204,e_1,1,enviroment
e_1_207,e_1,1,enviroment
e_1_210,e_1,1,enviroment
e_1_213,e_1,1,enviroment
e_1_216,e_1,1,enviroment
e_1_219,e_1,1,enviroment
e_1_222,e_1,1,enviroment
e_1_225,e_1,1,enviroment
e_1_228,e_1,1,enviroment
e_1_231,e_1,1,enviroment
e_1_234,e_1,1,enviroment
e_1_237,e_1,1,enviroment
e_1_240,e_1,1,enviroment
e_1_243,e_1,1,enviroment
e_1_246,e_1,1,enviroment
e_1_249,e_1,1,enviroment
e_1_252,e_1,1,enviroment
e_1_255,e_1,1,enviroment
e_1_258,e_1,1,enviroment
e_1_261,e_1,1,enviroment
e_1_264,e_1,1,enviroment
e_1_267,e_1,1,enviroment
e_1_270,e_1,1,enviroment
e_1_273,e_1,1,enviroment
e_1_276,e_1,1,enviroment
e_1_279,e_1,1,enviroment
e_1_282,e_1,1,enviroment
e_1_285,e_1,1,enviroment
e_1_288,e_1,1,enviroment
e_1_291,e_1,1,enviroment
e_1_294,e_1,1,enviroment
e_1_297,e_1,1,enviroment
e_1_300,e_1,1,enviroment
e_1_303,e_1,1,enviroment
e_1_306,e_1,1,enviroment
e_1_309,e_1,1,enviroment
e_1_312,e_1,1,enviroment
e_1_315,e_1,1,enviroment
e_1_318,e_1,1,enviroment
e_1_321,e_1,1,enviroment
e_1_324,e_1,1,enviroment
e_1_327,e_1,1,enviroment
e_1_330,e_1,1,enviroment
e_1_333,e_1,1,enviroment
e_1_336,e_1,1,enviroment
e_1_339,e_1,1,enviroment
e_1_342,e_1,1,enviroment
e_1_345,e_1,1,enviroment
e_1_348,e_1,1,enviroment
e_1_351,e_1,1,enviroment
e_1_354,e_1,1,enviroment
e_1_357,e_1,1,enviroment
e_1_360,e_1,1,enviroment
e_1_363,e_1,1,enviroment
e_1_366,e_1,1,enviroment
e_1_369,e_1,1,enviroment
e_1_372,e_1,1,enviroment
e_1_375,e_1,1,enviroment
e_1_378,e_1,1,enviroment
e_1_381,e_1,1,enviroment
e_1_384,e_1,1,enviroment
e_1_387,e_1,1,enviroment
e_1_390,e_1,1,enviroment
e_1_393,e_1,1,enviroment
e_1_396,e_1,1,enviroment
e_1_399,e_1,1,enviroment
e_1_402,e_1,1,enviroment
e_1_405,e_1,1,enviroment
e_1_408,e_1,1,enviroment
e_1_411,e_1,1,enviroment
e_1_414,e_1,1,enviroment
e_1_417,e_1,1,enviroment
e_1_420,e_1,1,enviroment
e_1_423,e_1,1,enviroment
e_1_426,e_1,1,enviroment
e_1_429,e_1,1,enviroment
e_1_432,e_1,1,enviroment
e_1_435,e_1,1,enviroment
e_1_438,e_1,1,enviroment
e_1_441,e_1,1,enviroment
e_1_444,e_1,1,enviroment
e_1_447,e_1,1,enviroment
e_1_450,e_1,1,enviroment
e_1_453,e_1,1,enviroment
e_1_456,e_1,1,enviroment
e_1_459,e_1,1,enviroment
e_1_462,e_1,1,enviroment
e_1_465,e_1,1,enviroment
e_1_468,e_1,1,enviroment
e_1_471,e_1,1,enviroment
e_1_474,e_1,1,enviroment
e_1_477,e_1,1,enviroment
e_1_480,e_1,1,enviroment
e_1_483,e_1,1,enviroment
e_1_486,e_1,1,enviroment
e_1_489,e_1,1,enviroment
e_1_492,e_1,1,enviroment
e_1_495,e_1,1,enviroment
p_1-0,p_1,2,police
p_1-3,p_1,2,police
p_1-6,p_1,2,police
p_1-9,p_1,2,police
p_1-12,p_1,2,police
p_1-15,p_1,2,police
p_1-18,p_1,2,police
p_1-21,p_1,2,police
p_1-24,p_1,2,police
p_1-27,p_1,2,police
p_1-30,p_1,2,police
p_1-33,p_1,2,police
p_1-36,p_1,2,police
p_1-39,p_1,2,police
p_1-42,p_1,2,police
p_1-45,p_1,2,police
p_1-48,p_1,2,police
p_1-51,p_1,2,police
p_1-54,p_1,2,police
p_1-57,p_1,2,police
p_1-60,p_1,2,police
p_1-63,p_1,2,police
p_1-66,p_1,2,police
p_1-69,p_1,2,police
p_1-72,p_1,2,police
p_1-75,p_1,2,police
p_1-78,p_1,2,police
p_1-81,p_1,2,police
p_1-84,p_1,2,police
p_1-87,p_1,2,police
p_1-90,p_1,2,police
p_1-93,p_1,2,police
p_1-96,p_1,2,police
p_1-99,p_1,2,police
p_1-102,p_1,2,police
p_1-105,p_1,2,police
p_1-108,p_1,2,police
p_1-111,p_1,2,police
p_1-114,p_1,2,police
p_1-117,p_1,2,police
p_1-120,p_1,2,police
p_1-123,p_1,2,police
p_1-126,p_1,2,police
p_1-129,p_1,2,police
p_1-132,p_1,2,police
p_1-135,p_1,2,police
p_1-138,p_1,2,police
p_1-141,p_1,2,police
p_1-144,p_1,2,police
p_1-147,p_1,2,police
p_1-150,p_1,2,police
p_1-153,p_1,2,police
p_1-156,p_1,2,police
p_1-159,p_1,2,police
p_1-162,p_1,2,police
p_1-165,p_1,2,police
p_1-168,p_1,2,police
p_1-171,p_1,2,police
p_1-174,p_1,2,police
p_1-177,p_1,2,police
p_1-180,p_1,2,police
p_1-183,p_1,2,police
p_1-186,p_1,2,police
p_1-189,p_1,2,police
p_1-192,p_1,2,police
p_1-195,p_1,2,police
p_1-198,p_1,2,police
p_1-201,p_1,2,police
p_1-204,p_1,2,police
p_1-207,p_1,2,police
p_1-210,p_1,2,police
p_1-213,p_1,2,police
p_1-216,p_1,2,police
p_1-219,p_1,2,police
p_1-222,p_1,2,police
p_1-225,p_1,2,police
p_1-228,p_1,2,police
p_1-231,p_1,2,police
p_1-234,p_1,2,police
p_1-237,p_1,2,police
p_1-240,p_1,2,police
p_1-243,p_1,2,police
p_1-246,p_1,2,police
p_1-249,p_1,2,police
p_1-252,p_1,2,police
p_1-255,p_1,2,police
p_1-258,p_1,2,police
p_1-261,p_1,2,police
p_1-264,p_1,2,police
p_1-267,p_1,2,police
p_1-270,p_1,2,police
p_1-273,p_1,2,police
p_1-276,p_1,2,police
p_1-279,p_1,2,police
p_1-282,p_1,2,police
p_1-285,p_1,2,police
p_1-288,p_1,2,police
p_2-0,p_2,2,police
p_2-3,p_2,2,police
p_2-6,p_2,2,police
p_2-9,p_2,2,police
p_2-12,p_2,2,police
p_2-15,p_2,2,police
p_2-18,p_2,2,police
p_2-21,p_2,2,police
p_2-24,p_2,2,police
p_2-27,p_2,2,police
p_2-30,p_2,2,police
p_2-33,p_2,2,police
p_2-36,p_2,2,police
p_2-39,p_2,2,police
p_2-42,p_2,2,police
p_2-45,p_2,2,police
p_2-48,p_2,2,police
p_2-51,p_2,2,police
p_2-54,p_2,2,police
p_2-57,p_2,2,police
p_2-60,p_2,2,police
p_2-63,p_2,2,police
p_2-66,p_2,2,police
p_2-69,p_2,2,police
p_2-72,p_2,2,police
p_2-75,p_2,2,police
p_2-78,p_2,2,police
p_2-81,p_2,2,police
p_2-84,p_2,2,police
p_2-87,p_2,2,police
p_2-90,p_2,2,police
p_2-93,p_2,2,police
p_2-96,p_2,2,police
p_2-99,p_2,2,police
p_2-102,p_2,2,police
p_2-105,p_2,2,police
p_2-108,p_2,2,police
p_2-111,p_2,2,police
p_2-114,p_2,2,police
p_2-117,p_2,2,police
p_2-120,p_2,2,police
p_2-123,p_2,2,police
p_2-126,p_2,2,police
p_2-129,p_2,2,police
p_2-132,p_2,2,police
p_2-135,p_2,2,police
p_2-138,p_2,2,police
p_2-141,p_2,2,police
p_2-144,p_2,2,police
p_2-147,p_2,2,police
p_2-150,p_2,2,police
p_2-153,p_2,2,police
p_2-156,p_2,2,police
p_2-159,p_2,2,police
p_2-162,p_2,2,police
p_2-165,p_2,2,police
p_2-168,p_2,2,police
p_2-171,p_2,2,police
p_2-174,p_2,2,police
p_2-177,p_2,2,police
p_2-180,p_2,2,police
p_2-183,p_2,2,police
p_2-186,p_2,2,police
p_2-189,p_2,2,police
p_2-192,p_2,2,police
p_2-195,p_2,2,police
p_2-198,p_2,2,police
p_2-201,p_2,2,police
p_2-204,p_2,2,police
p_2-207,p_2,2,police
p_2-210,p_2,2,police
p_2-213,p_2,2,police
p_2-216,p_2,2,police
p_2-219,p_2,2,police
p_2-222,p_2,2,police
p_2-225,p_2,2,police
p_2-228,p_2,2,police
p_2-231,p_2,2,police
p_2-234,p_2,2,police
p_2-237,p_2,2,police
p_2-240,p_2,2,police
p_2-243,p_2,2,police
p_2-246,p_2,2,police
p_2-249,p_2,2,police
p_2-252,p_2,2,police
p_2-255,p_2,2,police
p_2-258,p_2,2,police
p_2-261,p_2,2,police
p_2-264,p_2,2,police
p_2-267,p_2,2,police
p_2-270,p_2,2,police
p_2-273,p_2,2,police
p_2-276,p_2,2,police
p_2-279,p_2,2,police
p_2-282,p_2,2,police
p_2-285,p_2,2,police
p_2-288,p_2,2,police
p_2-291,p_2,2,police
p_2-294,p_2,2,police
p_2-297,p_2,2,police
p_2-300,p_2,2,police
p_2-303,p_2,2,police
p_2-306,p_2,2,police
p_2-309,p_2,2,police
p_2-312,p_2,2,police
p_2-315,p_2,2,police
p_2-318,p_2,2,police
p_2-321,p_2,2,police
p_2-324,p_2,2,police
p_2-327,p_2,2,police
p_2-330,p_2,2,police
p_2-333,p_2,2,police
p_2-336,p_2,2,police
p_2-339,p_2,2,police
p_2-342,p_2,2,police
p_2-345,p_2,2,police
p_2-348,p_2,2,police
p_2-351,p_2,2,police
p_2-354,p_2,2,police
p_2-357,p_2,2,police
p_2-360,p_2,2,police
p_2-363,p_2,2,police
p_2-366,p_2,2,police
p_2-369,p_2,2,police
p_2-372,p_2,2,police
p_2-375,p_2,2,police
p_2-378,p_2,2,police
p_2-381,p_2,2,police
p_2-384,p_2,2,police
p_2-387,p_2,2,police
p_3-0,p_3,2,police
p_3-3,p_3,2,police
p_3-6,p_3,2,police
p_3-9,p_3,2,police
p_3-12,p_3,2,police
p_3-15,p_3,2,police
p_3-18,p_3,2,police
p_3-21,p_3,2,police
p_3-24,p_3,2,police
p_3-27,p_3,2,police
p_3-30,p_3,2,police
p_3-33,p_3,2,police
p_3-36,p_3,2,police
p_3-39,p_3,2,police
p_3-42,p_3,2,police
p_3-45,p_3,2,police
p_3-48,p_3,2,police
p_3-51,p_3,2,police
p_3-54,p_3,2,police
p_3-57,p_3,2,police
p_3-60,p_3,2,police
p_3-63,p_3,2,police
p_3-66,p_3,2,police
p_3-69,p_3,2,police
p_3-72,p_3,2,police
p_3-75,p_3,2,police
p_3-78,p_3,2,police
p_3-81,p_3,2,police
p_3-84,p_3,2,police
p_3-87,p_3,2,police
p_3-90,p_3,2,police
p_3-93,p_3,2,police
p_3-96,p_3,2,police
p_3-99,p_3,2,police
p_3-102,p_3,2,police
p_3-105,p_3,2,police
p_3-108,p_3,2,police
p_3-111,p_3,2,police
p_3-114,p_3,2,police
p_3-117,p_3,2,police
p_3-120,p_3,2,police
p_3-123,p_3,2,police
p_3-126,p_3,2,police
p_3-129,p_3,2,police
p_3-132,p_3,2,police
p_3-135,p_3,2,police
p_3-138,p_3,2,police
p_3-141,p_3,2,police
p_3-144,p_3,2,police
p_3-147,p_3,2,police
p_3-150,p_3,2,police
p_3-153,p_3,2,police
p_3-156,p_3,2,police
p_3-159,p_3,2,police
p_3-162,p_3,2,police
p_3-165,p_3,2,police
p_3-168,p_3,2,police
p_3-171,p_3,2,police
p_3-174,p_3,2,police
p_3-177,p_3,2,police
p_3-180,p_3,2,police
p_3-183,p_3,2,police
p_3-186,p_3,2,police
p_3-189,p_3,2,police
p_3-192,p_3,2,police
p_3-195,p_3,2,police
p_3-198,p_3,2,police
p_3-201,p_3,2,police
p_3-204,p_3,2,police
p_3-207,p_3,2,police
p_3-210,p_3,2,police
p_3-213,p_3,2,police
p_3-216,p_3,2,police
p_3-219,p_3,2,police
p_3-222,p_3,2,police
p_3-225,p_3,2,police
p_3-228,p_3,2,police
p_3-231,p_3,2,police
p_3-234,p_3,2,police
p_3-237,p_3,2,police
p_3-240,p_3,2,police
p_3-243,p_3,2,police
p_3-246,p_3,2,police
p_3-249,p_3,2,police
p_3-252,p_3,2,police
p_3-255,p_3,2,police
p_3-258,p_3,2,police
p_3-261,p_3,2,police
p_3-264,p_3,2,police
p_3-267,p_3,2,police
p_3-270,p_3,2,police
p_3-273,p_3,2,police
p_3-276,p_3,2,police
p_3-279,p_3,2,police
p_3-282,p_3,2,police
p_3-285,p_3,2,police
p_3-288,p_3,2,police
p_3-291,p_3,2,police
p_3-294,p_3,2,police
p_3-297,p_3,2,police
p_3-300,p_3,2,police
p_3-303,p_3,2,police
p_3-306,p_3,2,police
p_3-309,p_3,2,police
p_3-312,p_3,2,police
p_3-315,p_3,2,police
p_3-318,p_3,2,police
p_3-321,p_3,2,police
p_3-324,p_3,2,police
p_3-327,p_3,2,police
p_3-330,p_3,2,police
p_3-333,p_3,2,police
p_3-336,p_3,2,police
p_3-339,p_3,2,police
p_3-342,p_3,2,police
p_3-345,p_3,2,police
p_3-348,p_3,2,police
p_3-351,p_3,2,police
p_3-354,p_3,2,police
p_3-357,p_3,2,police
p_3-360,p_3,2,police
p_3-363,p_3,2,police
p_3-366,p_3,2,police
p_3-369,p_3,2,police
p_3-372,p_3,2,police
p_3-375,p_3,2,police
p_3-378,p_3,2,police